PLAYER_ID,PLAYER_NAME,SEASON,GP,MIN,TEAM_GAMES,TEAM_WIN_PCT,GAMES_PLAYED_PCT,MINUTES_SHARE,POINTS_SHARE,TOTAL_POINTS,TOTAL_MINUTES,PTS_per_game,REB_per_game,AST_per_game,FG3A_per_game,MIN_per_game,PTS_per75,REB_per75,AST_per75,STL_per75,BLK_per75,TS,FG3_PCT,TOV,USG_RATE,USG_rank_rookies,PTS_rank_rookies,MIN_rank_rookies,TS_rank_rookies,TEAM_WIN_PCT_rank_rookies,DRAFT_PICK_LOG,AGE_OCT1,prob_roy_raw,race_odds,rank,run_id,run_timestamp_utc,git_commit
1642843,Cooper Flagg,2025-26,60,2028.0833333333333,60,0.3166666666666666,0.821917808219178,0.1136515514508516,0.1495085995085995,1217,2028.0833333333333,20.28333333333333,6.616666666666666,4.616666666666666,3.4166666666666665,33.80138888888889,42.54618621836632,14.476788604968055,9.647673178085125,2.503443940358832,2.0040087618614986,0.5478231118568264,0.288,145,61.918560216953615,5.0,1.0,3.0,44.0,60.0,0.6931471805599453,18.77891854893908,0.99981993,0.42218995094299316,1,20260326_030136Z_1592cad,2026-03-26T03:01:36Z,1592cad00eb936025a1a62c2074207814efb5ee8
1642851,Kon Knueppel,2025-26,71,2231.276666666666,71,0.5352112676056338,0.9726027397260274,0.1307970999979385,0.1637398570909531,1352,2231.276666666666,19.04225352112676,5.253521126760563,3.408450704225352,7.985915492957746,31.42643192488262,43.13083135856676,12.603588810158792,7.836198781647866,1.798786427988402,0.6875974567551777,0.6496751621066029,0.436,140,52.907827058649545,13.0,2.0,2.0,12.0,32.0,1.6094379124341005,20.161533196440796,0.97301775,0.41087231040000916,2,20260326_030136Z_1592cad,2026-03-26T03:01:36Z,1592cad00eb936025a1a62c2074207814efb5ee8
1642845,VJ Edgecombe,2025-26,66,2306.016666666667,66,0.5757575757575758,0.9041095890410958,0.1269394805996204,0.1234338747099768,1064,2306.016666666667,16.12121212121212,5.696969696969697,4.03030303030303,5.742424242424242,34.939646464646465,33.605336509183864,12.32845924677485,8.30216759857522,2.9847184835670237,1.2146888540021064,0.5400795904023798,0.356,120,47.91986181077037,28.0,3.0,1.0,49.0,24.0,1.3862943611198906,20.17248459958932,0.33039153,0.13951310515403748,3,20260326_030136Z_1592cad,2026-03-26T03:01:36Z,1592cad00eb936025a1a62c2074207814efb5ee8
1642852,Derik Queen,2025-26,72,1764.905,72,0.3472222222222222,0.9863013698630136,0.1053774866544519,0.1007895386133728,817,1764.905,11.34722222222222,6.791666666666667,3.75,1.0416666666666667,24.512569444444445,33.440311797334495,19.663456803783248,10.623049065863563,2.858836660032168,2.549995955428324,0.5527141848293051,0.28,164,51.16875979160351,17.0,10.0,5.0,41.0,53.0,2.6390573296152584,20.761122518822724,0.037083566,0.01565912924706936,4,20260326_030136Z_1592cad,2026-03-26T03:01:36Z,1592cad00eb936025a1a62c2074207814efb5ee8
1642844,Dylan Harper,2025-26,60,1340.0216666666668,60,0.7666666666666667,0.821917808219178,0.077294590783192,0.08,690,1340.0216666666668,11.5,3.4,3.883333333333333,2.6333333333333333,22.333694444444447,36.29590281746785,11.72433917321176,11.68313048588606,2.547665191506853,1.1984594095873062,0.5633572823617266,0.316,83,51.89468329492185,15.0,9.0,12.0,39.0,10.0,1.0986122886681098,19.58384668035592,0.008524737,0.003599706804379821,5,20260326_030136Z_1592cad,2026-03-26T03:01:36Z,1592cad00eb936025a1a62c2074207814efb5ee8
1642866,Joan Beringer,2025-26,33,219.335,33,0.5454545454545454,0.4520547945205479,0.0115772033929393,0.0099849688640755,93,219.335,2.8181818181818183,1.9393939393939397,0.2424242424242424,0.0,6.646515151515152,28.403760639808564,16.806435675269412,4.400988054621781,1.979889885110232,2.9181537896419907,0.6415562869649815,0.0,8,36.69273029840198,54.0,67.0,50.0,13.0,28.0,2.8903717578961645,18.888432580424368,0.0007685101,0.00032451568404212594,6,20260326_030136Z_1592cad,2026-03-26T03:01:36Z,1592cad00eb936025a1a62c2074207814efb5ee8
1642911,Rocco Zikarsky,2025-26,4,16.25,4,0.0,0.0547945205479452,0.0008577270163688,0.0006441915396177,6,16.25,1.5,1.25,0.0,0.0,4.0625,26.011279152173856,13.606862518311589,5.329919782915424,2.302691267932719,2.183397307015727,0.599999940000006,0.0,0,30.76923076923077,80.0,81.0,84.0,24.0,89.0,3.828641396489095,19.225188227241617,0.0006773256,0.00028601157828234136,7,20260326_030136Z_1592cad,2026-03-26T03:01:36Z,1592cad00eb936025a1a62c2074207814efb5ee8
1642948,Ryan Nembhard,2025-26,51,955.55,51,0.3529411764705882,0.6986301369863014,0.0535479672871075,0.0399262899262899,325,955.55,6.372549019607843,1.9411764705882355,4.941176470588236,2.215686274509804,18.73627450980392,25.60715784466965,9.042388014349122,16.39567291732468,1.7149664397942912,0.4304881512832811,0.4972460212710434,0.381,71,41.63047459578254,43.0,30.0,25.0,71.0,52.0,4.127134385045092,22.562628336755647,0.00066241325,0.0002797145862132311,8,20260326_030136Z_1592cad,2026-03-26T03:01:36Z,1592cad00eb936025a1a62c2074207814efb5ee8
1642907,Cedric Coward,2025-26,55,1429.58,55,0.3454545454545454,0.7534246575342466,0.0937026433219546,0.1037215225696901,733,1429.58,13.327272727272728,6.090909090909091,2.8363636363636364,4.4363636363636365,25.992363636363635,36.28110121062628,16.797818124293784,7.739212485890796,1.7652991555659303,1.2664920953894725,0.5790621242976505,0.336,97,51.05835280292114,18.0,5.0,10.0,31.0,54.0,2.4849066497880004,22.05612594113621,0.00058063713,0.0002451833279337734,9,20260326_030136Z_1592cad,2026-03-26T03:01:36Z,1592cad00eb936025a1a62c2074207814efb5ee8
1642857,Kasparas Jakučionis,2025-26,46,814.1283333333333,46,0.5434782608695652,0.6301369863013698,0.0464026735278094,0.0308902313917702,271,814.1283333333333,5.891304347826087,2.6739130434782608,2.4782608695652173,2.9130434782608696,17.698442028985507,25.222468714892194,11.80579460901366,9.187080900028276,2.7404617781767118,0.7544008829118043,0.5962858638525659,0.418,43,33.19378394479167,75.0,35.0,26.0,26.0,29.0,3.044522437723423,19.342915811088297,0.00047507067,0.00020060619863215834,10,20260326_030136Z_1592cad,2026-03-26T03:01:36Z,1592cad00eb936025a1a62c2074207814efb5ee8
1642863,Khaman Maluach,2025-26,38,304.2416666666667,38,0.4736842105263157,0.5205479452054794,0.0172800470431519,0.0114816171979968,94,304.2416666666667,2.473684210526316,2.1578947368421053,0.1578947368421052,0.3684210526315789,8.006359649122807,24.536651227089017,16.679038913375233,3.534326163119617,1.7016802551138024,3.376959105783376,0.5931347766712849,0.214,23,33.6048645539456,71.0,73.0,47.0,28.0,44.0,2.3978952727983707,19.04722792607803,0.00047507067,0.00020060619863215834,10,20260326_030136Z_1592cad,2026-03-26T03:01:36Z,1592cad00eb936025a1a62c2074207814efb5ee8
1641750,Ryan Kalkbrenner,2025-26,59,1289.77,59,0.559322033898305,0.8082191780821918,0.0756061219052506,0.0568002906624682,469,1289.77,7.9491525423728815,5.677966101694915,0.7627118644067796,0.0847457627118644,21.86050847457627,27.017157847911957,18.275077697664468,3.1832196678431486,1.8733691750905617,4.349999936055985,0.7524707984333353,0.0,56,28.504306969459677,85.0,22.0,14.0,3.0,26.0,3.555348061489413,23.704312114989733,0.00046087097,0.0001946101401699707,12,20260326_030136Z_1592cad,2026-03-26T03:01:36Z,1592cad00eb936025a1a62c2074207814efb5ee8
1642864,Hugo González,2025-26,67,1018.135,67,0.6716417910447762,0.9178082191780822,0.0598330596898633,0.0327183271832718,266,1018.135,3.970149253731343,3.4477611940298507,0.582089552238806,1.611940298507463,15.196044776119402,21.03431517399582,16.12366735684588,3.49781102189609,2.714612777510439,1.5480200422139792,0.548589340561398,0.343,35,27.24982443389138,86.0,54.0,23.0,43.0,13.0,3.367295829986474,19.652292950034223,0.0004501495,0.00019008283561561257,13,20260326_030136Z_1592cad,2026-03-26T03:01:36Z,1592cad00eb936025a1a62c2074207814efb5ee8
1641813,Mark Sears,2025-26,7,26.081666666666667,7,0.1428571428571428,0.0958904109589041,0.0014712957246114,0.0026608611514271,22,26.081666666666667,3.142857142857143,0.2857142857142857,0.2857142857142857,1.1428571428571428,3.725952380952381,28.907074501402967,12.506591717052602,5.629225188006081,2.2332629765050345,1.4275546463627933,0.665859544011515,0.5,4,78.67595373506295,3.0,63.0,80.0,10.0,84.0,4.127134385045092,23.61396303901437,0.0004386546,0.00018522891332395375,14,20260326_030136Z_1592cad,2026-03-26T03:01:36Z,1592cad00eb936025a1a62c2074207814efb5ee8
1643133,Lawson Lovering,2025-26,2,49.265,2,0.5,0.0273972602739726,0.0032291027597308,0.0019810386302532,14,49.265,7.0,7.5,1.5,0.0,24.6325,25.27040222145071,14.46801217246515,5.470308022123611,2.729234573987438,1.5475338162819738,0.5737704682880955,0.0,2,28.82370851517304,83.0,28.0,73.0,36.0,38.0,4.127134385045092,22.39835728952772,0.00041465808,0.00017509600729681551,15,20260326_030136Z_1592cad,2026-03-26T03:01:36Z,1592cad00eb936025a1a62c2074207814efb5ee8
1642860,Will Riley,2025-26,63,1284.63,63,0.238095238095238,0.863013698630137,0.0819689704348159,0.0756618734041123,563,1284.63,8.936507936507937,2.555555555555556,1.7142857142857142,2.952380952380953,20.39095238095238,31.55378039786889,10.09899488929027,6.175313563006508,2.258083031044296,0.5777370101182758,0.5466443990342508,0.333,74,45.846664019990186,33.0,17.0,15.0,45.0,76.0,3.091042453358316,19.638603696098563,0.0003967238,0.00016752297233324498,16,20260326_030136Z_1592cad,2026-03-26T03:01:36Z,1592cad00eb936025a1a62c2074207814efb5ee8
1642882,Julian Reese,2025-26,5,148.06666666666666,5,0.0,0.0684931506849315,0.009447757114797,0.0061819647896788,46,148.06666666666666,9.2,9.4,1.8,0.0,29.613333333333333,25.0544569971916,16.634065477048146,5.268383718227204,2.462191891423276,1.3736781691944433,0.6586483296298922,0.0,12,31.688428635749663,79.0,15.0,61.0,11.0,89.0,4.127134385045092,22.25598904859685,0.00038567735,0.00016285842866636813,17,20260326_030136Z_1592cad,2026-03-26T03:01:36Z,1592cad00eb936025a1a62c2074207814efb5ee8
1642928,Dylan Cardwell,2025-26,35,722.1033333333334,35,0.2857142857142857,0.4794520547945205,0.0427195903607947,0.0232909480045322,185,722.1033333333334,5.285714285714286,7.742857142857143,1.3142857142857145,0.0285714285714285,20.63152380952381,21.18285531978989,23.72868718891701,5.024528307327376,2.473552361128251,4.05095968608235,0.5776917293976651,0.0,29,26.190157456689025,89.0,38.0,28.0,34.0,65.0,4.127134385045092,23.79192334017796,0.00036544402,0.00015431459178216755,18,20260326_030136Z_1592cad,2026-03-26T03:01:36Z,1592cad00eb936025a1a62c2074207814efb5ee8
1643052,Chaney Johnson,2025-26,9,190.735,9,0.1111111111111111,0.1232876712328767,0.011055283469327,0.0094850948509485,70,190.735,7.777777777777778,4.777777777777778,2.333333333333333,1.8888888888888888,21.192777777777778,26.54399427771604,14.576442013339255,6.644293012210261,2.859437605802974,1.7127357908926886,0.6299495983625846,0.294,12,35.42087189031903,61.0,24.0,56.0,15.0,88.0,4.127134385045092,23.28268309377139,0.0003629939,0.00015327997971326113,19,20260326_030136Z_1592cad,2026-03-26T03:01:36Z,1592cad00eb936025a1a62c2074207814efb5ee8
1642875,Maxime Raynaud,2025-26,65,1675.2,65,0.2769230769230769,0.8904109589041096,0.0991047326177741,0.0975701875865542,775,1675.2,11.923076923076923,7.292307692307692,1.2615384615384615,0.9076923076923076,25.77230769230769,33.364250218648735,19.986922980668307,3.966984169373736,1.5078098994956068,1.602622214633315,0.6113144438921291,0.288,79,42.5549188156638,39.0,8.0,7.0,19.0,67.0,3.7612001156935615,22.48596851471595,0.00035413643,0.00014953977370169014,20,20260326_030136Z_1592cad,2026-03-26T03:01:36Z,1592cad00eb936025a1a62c2074207814efb5ee8
1642854,Asa Newell,2025-26,40,444.9916666666667,40,0.5,0.547945205479452,0.0226274331832013,0.0210339053997488,201,444.9916666666667,5.025,2.025,0.5,1.725,11.124791666666669,30.672916294645333,13.427224382486658,4.2760037110218265,2.4875796554552814,1.9335778677753312,0.6281249980371094,0.391,21,40.67491900597389,44.0,41.0,39.0,16.0,38.0,3.1780538303479458,19.98904859685147,0.00034732211,0.00014666232164017856,21,20260326_030136Z_1592cad,2026-03-26T03:01:36Z,1592cad00eb936025a1a62c2074207814efb5ee8
1642867,Collin Murray-Boyles,2025-26,48,1063.3966666666668,48,0.5416666666666666,0.6575342465753424,0.0629417249582814,0.0464281292559118,375,1063.3966666666668,7.8125,4.9375,1.9583333333333333,1.0,22.154097222222223,26.33207775081963,15.91845630991424,6.407223477159009,3.009561497253469,2.871871036560935,0.6050729304810364,0.354,53,34.12461326754833,67.0,23.0,21.0,22.0,30.0,2.302585092994046,20.309377138945926,0.00034160056,0.0001442463108105585,22,20260326_030136Z_1592cad,2026-03-26T03:01:36Z,1592cad00eb936025a1a62c2074207814efb5ee8
1641747,DaRon Holmes II,2025-26,20,196.3933333333333,20,0.6,0.273972602739726,0.0104297828913536,0.0091389561770535,83,196.3933333333333,4.15,1.5,0.8,2.05,9.819666666666668,28.205590389089934,12.446118544600465,5.813106134947426,1.4670344353611835,1.542122641340315,0.6821170226650475,0.439,11,36.579653077158085,55.0,52.0,55.0,7.0,21.0,3.1354942159291497,23.129363449691997,0.00033616013,0.000141948985401541,23,20260326_030136Z_1592cad,2026-03-26T03:01:36Z,1592cad00eb936025a1a62c2074207814efb5ee8
1643257,Jayson Kent,2025-26,2,6.9,2,0.5,0.0273972602739726,0.0003792285008355,0.0005706459712394,5,6.9,2.5,1.0,0.0,1.0,3.45,26.559358200961167,13.288270679100815,5.492300851570553,2.3728449445543256,1.5167787498980891,0.8333331944444675,0.5,0,43.47826086956522,37.0,70.0,92.0,1.0,38.0,4.127134385045092,23.65776865160849,0.00033616013,0.000141948985401541,23,20260326_030136Z_1592cad,2026-03-26T03:01:36Z,1592cad00eb936025a1a62c2074207814efb5ee8
1642955,Kadary Richmond,2025-26,3,66.8,3,0.6666666666666666,0.0410958904109589,0.0042623379689449,0.0033597634726515,25,66.8,8.333333333333334,3.333333333333333,2.6666666666666665,1.3333333333333333,22.266666666666666,26.311524078176067,12.754008373544275,6.231153575100879,3.6211180847429727,1.473553430599028,0.7217089860938515,0.5,2,28.922155688622755,82.0,19.0,69.0,4.0,14.0,4.127134385045092,24.10130047912389,0.00033616013,0.000141948985401541,23,20260326_030136Z_1592cad,2026-03-26T03:01:36Z,1592cad00eb936025a1a62c2074207814efb5ee8
1642066,Myron Gardner,2025-26,39,387.14166666666665,39,0.5641025641025641,0.5342465753424658,0.0220658189032589,0.0175538584292716,154,387.14166666666665,3.948717948717949,2.9743589743589745,1.0,1.5897435897435896,9.9267094017094,28.125302203875936,18.37782641340244,6.709805786793606,3.1335985255108327,1.4414777132474723,0.6132526257834795,0.419,14,36.04881933831285,57.0,56.0,44.0,18.0,25.0,4.127134385045092,24.36413415468857,0.00033616013,0.000141948985401541,23,20260326_030136Z_1592cad,2026-03-26T03:01:36Z,1592cad00eb936025a1a62c2074207814efb5ee8
1641807,Norchad Omier,2025-26,3,14.166666666666666,3,1.0,0.0410958904109589,0.0008589423630474,0.0010604453870625,8,14.166666666666666,2.6666666666666665,1.3333333333333333,0.3333333333333333,0.3333333333333333,4.722222222222222,26.661221321617976,13.458366911669092,5.603990869009027,2.5566878943778963,1.4816956976458042,0.7999999200000081,0.0,0,35.294117647058826,63.0,68.0,85.0,2.0,1.0,4.127134385045092,24.09308692676249,0.00033616013,0.000141948985401541,23,20260326_030136Z_1592cad,2026-03-26T03:01:36Z,1592cad00eb936025a1a62c2074207814efb5ee8
1642884,Vladislav Goldin,2025-26,5,13.878333333333334,5,0.6,0.0684931506849315,0.0007910199711881,0.0004559443747862,4,13.878333333333334,0.8,0.8,0.4,0.0,2.775666666666667,25.729928364626364,13.470729968881914,5.848084867322273,2.3200904176790025,1.7220028939357297,0.6666665555555741,0.0,1,28.82190464753212,84.0,90.0,86.0,9.0,21.0,4.127134385045092,24.38877481177276,0.00033616013,0.000141948985401541,23,20260326_030136Z_1592cad,2026-03-26T03:01:36Z,1592cad00eb936025a1a62c2074207814efb5ee8
1642949,Yanic Konan Niederhäuser,2025-26,41,423.6783333333333,41,0.5365853658536586,0.5616438356164384,0.0256881366215533,0.0233297985153764,176,423.6783333333333,4.2926829268292686,2.8536585365853657,0.2926829268292683,0.1219512195121951,10.33361788617886,28.98534620382673,17.55361420439934,3.5728403245645546,1.5244702828149557,3.752356915034152,0.6913890607660707,0.2,23,35.47030569575189,60.0,48.0,42.0,5.0,31.0,3.4339872044851463,22.55167693360712,0.00033616013,0.000141948985401541,23,20260326_030136Z_1592cad,2026-03-26T03:01:36Z,1592cad00eb936025a1a62c2074207814efb5ee8
1641761,Grant Nelson,2025-26,4,35.01,4,0.0,0.0547945205479452,0.002029231521541,0.0023035230352303,17,35.01,4.25,1.5,1.25,0.0,8.7525,27.017304056222148,13.06877487661873,6.150822755580438,2.397618320300058,2.508878535995115,0.6343283345399875,0.0,4,49.70008568980291,22.0,49.0,75.0,14.0,89.0,4.127134385045092,23.540041067761805,0.00029625918,0.0001251001813216135,30,20260326_030136Z_1592cad,2026-03-26T03:01:36Z,1592cad00eb936025a1a62c2074207814efb5ee8
1642886,Koby Brea,2025-26,6,27.78333333333333,6,0.3333333333333333,0.0821917808219178,0.0015780130061592,0.0019543178209356,16,27.78333333333333,2.6666666666666665,0.3333333333333333,0.5,1.5,4.630555555555556,27.38414714559917,12.441664528650149,5.828811098836638,2.221669131490484,1.4201435857336355,0.621117988310637,0.444,0,46.35872825434913,32.0,68.0,79.0,17.0,56.0,3.737669618283368,22.902121834360027,0.00029625918,0.0001251001813216135,30,20260326_030136Z_1592cad,2026-03-26T03:01:36Z,1592cad00eb936025a1a62c2074207814efb5ee8
1642849,Nolan Traore,2025-26,49,1081.9083333333333,49,0.2244897959183673,0.6712328767123288,0.062709011522936,0.0552845528455284,408,1081.9083333333333,8.326530612244898,1.653061224489796,3.73469387755102,3.061224489795918,22.079761904761902,27.770342001851294,7.238664121293168,11.151671033182618,2.3179729336729205,1.42230808725402,0.470783715878815,0.327,107,49.94138443645102,20.0,20.0,20.0,79.0,79.0,2.995732273553991,19.345653661875428,0.00029163438,0.0001231472851941362,32,20260326_030136Z_1592cad,2026-03-26T03:01:36Z,1592cad00eb936025a1a62c2074207814efb5ee8
1642847,Jeremiah Fears,2025-26,73,1811.9033333333327,73,0.3424657534246575,1.0,0.1081836242333101,0.1176905995558845,954,1811.9033333333327,13.068493150684931,3.5753424657534247,3.2054794520547945,3.4246575342465757,24.82059360730593,37.56141002281117,11.12890438707708,9.108175941455812,3.256884917467997,1.072728738378362,0.5176230572762267,0.34,162,59.80009971098532,6.0,6.0,4.0,59.0,55.0,2.079441541679836,18.965092402464062,0.000284649,0.0001201975901494734,33,20260326_030136Z_1592cad,2026-03-26T03:01:36Z,1592cad00eb936025a1a62c2074207814efb5ee8
1643158,Andersson Garcia,2025-26,5,168.75,5,0.2,0.0684931506849315,0.0092292908613977,0.002864698104892,26,168.75,5.2,8.4,2.8,2.6,33.75,20.74894300133329,15.100096579020883,5.835919213540272,2.833549042098608,1.6330653831332769,0.3944174697448806,0.077,7,23.68,93.0,39.0,60.0,88.0,82.0,4.127134385045092,25.10609171800137,0.0002814713,0.00011885575804626569,34,20260326_030136Z_1592cad,2026-03-26T03:01:36Z,1592cad00eb936025a1a62c2074207814efb5ee8
1642954,Will Richard,2025-26,62,1261.54,62,0.5161290322580645,0.8493150684931506,0.0780514182603592,0.0546685400434282,428,1261.54,6.903225806451613,2.548387096774193,1.3870967741935485,3.2096774193548385,20.34741935483871,25.536372447631816,10.104237016929469,5.209976773791899,4.164623457281737,0.6343093345951584,0.6049298951196717,0.342,52,32.16386321480096,78.0,29.0,16.0,23.0,37.0,4.04305126783455,22.770704996577688,0.00027922585,0.00011790758435381576,35,20260326_030136Z_1592cad,2026-03-26T03:01:36Z,1592cad00eb936025a1a62c2074207814efb5ee8
1642920,Kobe Sanders,2025-26,59,1217.0666666666666,59,0.5254237288135594,0.8082191780821918,0.07379224366962,0.055408271474019,418,1217.0666666666666,7.084745762711864,2.406779661016949,1.694915254237288,2.830508474576271,20.62824858757062,25.79060491642313,9.60944603934086,6.054834196264944,2.457522925920893,0.7023418428175361,0.5816542349693111,0.401,75,35.685801928133216,58.0,27.0,18.0,30.0,35.0,3.9318256327243257,23.34017796030116,0.00025618833,0.00010817962174769491,36,20260326_030136Z_1592cad,2026-03-26T03:01:36Z,1592cad00eb936025a1a62c2074207814efb5ee8
1631457,Alex Morales,2025-26,1,12.0,1,0.0,0.0136986301369863,0.0007087928509577,0.000240760804141,2,12.0,2.0,3.0,4.0,0.0,12.0,25.4040609995993,13.311443177615514,6.36406131841988,2.334058056037572,1.491985251101678,0.4999998750000312,0.0,2,33.333333333333336,73.0,77.0,88.0,68.0,89.0,4.127134385045092,27.860369609856264,0.0002514566,0.000106181571027264,37,20260326_030136Z_1592cad,2026-03-26T03:01:36Z,1592cad00eb936025a1a62c2074207814efb5ee8
1642859,Jase Richardson,2025-26,47,538.015,47,0.4468085106382978,0.6438356164383562,0.0317784321423382,0.0263633080534489,219,538.015,4.659574468085107,1.1702127659574468,1.148936170212766,1.5957446808510638,11.447127659574468,28.879038002750526,9.609816377291624,6.844253541221819,2.3009446292533218,0.7344730086498733,0.5771663488900318,0.36,24,39.72379952231815,47.0,45.0,35.0,35.0,47.0,3.258096538021482,19.958932238193015,0.00025080796,0.00010590767487883568,38,20260326_030136Z_1592cad,2026-03-26T03:01:36Z,1592cad00eb936025a1a62c2074207814efb5ee8
1642951,Sean Pedulla,2025-26,3,19.55,3,0.6666666666666666,0.0410958904109589,0.0011853404610054,0.0017232237539766,13,19.55,4.333333333333333,0.3333333333333333,1.0,2.6666666666666665,6.516666666666667,27.385595468236524,12.52752392869986,5.978992744005641,2.2789113236855654,1.4567341522257031,0.590909064049588,0.375,0,56.265984654731454,8.0,47.0,83.0,29.0,14.0,4.127134385045092,22.976043805612598,0.00022673812,9.574380237609148e-05,39,20260326_030136Z_1592cad,2026-03-26T03:01:36Z,1592cad00eb936025a1a62c2074207814efb5ee8
1642856,Egor Dëmin,2025-26,52,1308.2083333333333,52,0.2692307692307692,0.7123287671232876,0.0758256951368963,0.0726287262872628,536,1308.2083333333333,10.307692307692308,3.173076923076923,3.326923076923077,6.1923076923076925,25.15785256410256,29.83199753258024,10.1374740657042,9.11609946763552,2.4115197223517204,1.082259905180438,0.5611390278882548,0.385,86,43.08182310411823,38.0,12.0,13.0,40.0,68.0,2.19722457733622,19.581108829568787,0.00021766123,9.191093704430386e-05,40,20260326_030136Z_1592cad,2026-03-26T03:01:36Z,1592cad00eb936025a1a62c2074207814efb5ee8
1642855,Noa Essengue,2025-26,2,6.033333333333333,2,0.5,0.0273972602739726,0.0003873234802662,0.0,0,6.033333333333333,0.0,0.0,0.0,1.0,3.0166666666666666,25.409215875857686,12.835759518841217,5.507854693433186,2.624636031424864,1.5210741695144,0.0,0.0,0,49.72375690607735,21.0,95.0,93.0,95.0,38.0,2.5649493574615367,18.78713210130048,0.00021571625,9.108964150073007e-05,41,20260326_030136Z_1592cad,2026-03-26T03:01:36Z,1592cad00eb936025a1a62c2074207814efb5ee8
1630619,Moussa Cisse,2025-26,34,425.2966666666667,34,0.2941176470588235,0.4657534246575342,0.0238331557678641,0.0156019656019656,127,425.2966666666667,3.735294117647059,4.882352941176471,0.2352941176470588,0.0,12.50872549019608,23.853779876567728,22.581339504408827,3.1512444995110083,2.244910514985209,4.467826128632961,0.5667618682311591,0.0,25,32.22221351370416,77.0,60.0,41.0,38.0,64.0,4.127134385045092,23.05817932922656,0.00021258592,8.976780372904614e-05,42,20260326_030136Z_1592cad,2026-03-26T03:01:36Z,1592cad00eb936025a1a62c2074207814efb5ee8
1642357,David Jones Garcia,2025-26,11,67.975,11,0.6363636363636364,0.1506849315068493,0.0039209066085902,0.0037101449275362,32,67.975,2.909090909090909,1.181818181818182,1.6363636363636365,0.4545454545454545,6.179545454545454,27.65423474930357,13.324737472426223,8.24943849812352,3.2019189170017595,1.4688481509442857,0.5788711906861217,0.6,5,48.01765354909894,27.0,66.0,68.0,32.0,19.0,4.127134385045092,23.852156057494867,0.00020777054,8.773443551035598e-05,43,20260326_030136Z_1592cad,2026-03-26T03:01:36Z,1592cad00eb936025a1a62c2074207814efb5ee8
1642282,Hunter Sallis,2025-26,7,25.67333333333333,7,0.4285714285714285,0.0958904109589041,0.001413241996774,0.0008120649651972,7,25.67333333333333,1.0,0.1428571428571428,0.5714285714285714,0.0,3.667619047619047,25.48893686477753,12.291980526752903,6.096867407055135,2.236063069795057,1.6596366451364053,0.5952380446226153,0.0,5,42.37860296027007,40.0,88.0,81.0,27.0,48.0,4.127134385045092,22.51882272416153,0.00020777054,8.773443551035598e-05,43,20260326_030136Z_1592cad,2026-03-26T03:01:36Z,1592cad00eb936025a1a62c2074207814efb5ee8
1642914,Javon Small,2025-26,36,712.125,36,0.3333333333333333,0.4931506849315068,0.0466766427032043,0.0468374133295599,331,712.125,9.194444444444445,3.1666666666666665,3.6944444444444446,3.1944444444444446,19.78125,32.21051454304062,12.328684966200855,11.520896264144254,2.720243165106803,1.1268365057119658,0.6104308044216015,0.435,48,44.81235738107776,34.0,16.0,30.0,21.0,56.0,3.8918202981106265,22.784394250513348,0.00019957285,8.427283319178969e-05,45,20260326_030136Z_1592cad,2026-03-26T03:01:36Z,1592cad00eb936025a1a62c2074207814efb5ee8
1642883,Sion James,2025-26,72,1651.69,72,0.5277777777777778,0.9863013698630136,0.0968218174478266,0.0473537604456824,391,1651.69,5.430555555555555,3.458333333333333,1.9583333333333333,2.7222222222222223,22.94013888888889,19.009713136755828,11.581332215370292,6.282036148848948,1.9871117408418968,1.0070756105445655,0.5492807364726895,0.372,60,25.181480786346107,90.0,37.0,8.0,42.0,34.0,3.5263605246161616,22.82546201232033,0.00019686867,8.313094440381974e-05,46,20260326_030136Z_1592cad,2026-03-26T03:01:36Z,1592cad00eb936025a1a62c2074207814efb5ee8
1642846,Ace Bailey,2025-26,63,1704.5266666666666,63,0.2857142857142857,0.863013698630137,0.0932241326677062,0.0931026884089907,845,1704.5266666666666,13.412698412698411,4.095238095238095,1.7777777777777777,5.349206349206349,27.055978835978834,35.4951960555318,11.612801494991023,5.031405817173964,2.383717908542194,1.6914214486264705,0.5449362840214773,0.362,86,50.531330300885095,19.0,4.0,6.0,47.0,65.0,1.791759469228055,19.134839151266256,0.00019144354,8.084010187303647e-05,47,20260326_030136Z_1592cad,2026-03-26T03:01:36Z,1592cad00eb936025a1a62c2074207814efb5ee8
1642879,Ben Saraf,2025-26,35,662.635,35,0.2285714285714285,0.4794520547945205,0.0384073073200909,0.0302168021680216,223,662.635,6.371428571428571,1.6285714285714286,3.085714285714286,1.9142857142857144,18.93242857142857,25.45208415637805,8.521579073497268,10.1654179739434,3.0938269577604416,0.8731236640509888,0.4730188349036593,0.194,74,46.7406641665472,30.0,31.0,33.0,77.0,78.0,3.295836866004329,19.46611909650924,0.00019010891,8.027652802411467e-05,48,20260326_030136Z_1592cad,2026-03-26T03:01:36Z,1592cad00eb936025a1a62c2074207814efb5ee8
1642967,John Poulakidas,2025-26,4,58.85,4,0.25,0.0547945205479452,0.0032978890427986,0.0027027027027027,22,58.85,5.5,2.5,0.75,3.75,14.7125,26.267429376828705,13.036561993635337,5.324194318927136,2.656335832475192,1.2971977103071577,0.611111094135803,0.4,2,33.98470688190314,68.0,36.0,70.0,20.0,72.0,4.127134385045092,22.494182067077343,0.00018809203,7.942486990941688e-05,49,20260326_030136Z_1592cad,2026-03-26T03:01:36Z,1592cad00eb936025a1a62c2074207814efb5ee8
1642862,Liam McNeeley,2025-26,29,352.32,29,0.3793103448275862,0.3972602739726027,0.0206529449976801,0.0147753421339469,122,352.32,4.206896551724138,2.2758620689655173,0.7931034482758621,2.034482758620689,12.14896551724138,25.94749054432638,13.610145743524711,5.228395774078678,1.6912345374719808,1.0585286337130912,0.5780894589741781,0.39,13,33.63987284287012,70.0,51.0,45.0,33.0,49.0,3.4011973816621555,19.97535934291581,0.00018668962,7.88326797191985e-05,50,20260326_030136Z_1592cad,2026-03-26T03:01:36Z,1592cad00eb936025a1a62c2074207814efb5ee8
1641869,Malachi Smith,2025-26,6,117.40333333333334,6,0.0,0.0821917808219178,0.0068048713148813,0.0050135501355013,37,117.40333333333334,6.166666666666667,2.1666666666666665,2.6666666666666665,1.6666666666666667,19.567222222222224,25.27786960304178,11.746840237857963,6.913186601321669,2.822752046742293,1.654273799946631,0.5990932545483606,0.5,9,33.968371142216284,69.0,33.0,64.0,25.0,89.0,4.127134385045092,25.82067077344285,0.00018310625,7.731954246992245e-05,51,20260326_030136Z_1592cad,2026-03-26T03:01:36Z,1592cad00eb936025a1a62c2074207814efb5ee8
1642868,Carter Bryant,2025-26,62,675.3133333333334,62,0.7903225806451613,0.8493150684931506,0.038953152063785,0.0284057971014492,245,675.3133333333334,3.9516129032258074,2.5,0.5161290322580645,2.129032258064516,10.892150537634407,26.81299038791805,15.94684471118619,4.188999567332552,1.746337361822582,1.784554090320092,0.502625963190083,0.318,26,39.93997847912574,46.0,55.0,32.0,64.0,9.0,2.70805020110221,19.8466803559206,0.00017777919,7.50701074139215e-05,52,20260326_030136Z_1592cad,2026-03-26T03:01:36Z,1592cad00eb936025a1a62c2074207814efb5ee8
1642383,Walter Clayton Jr.,2025-26,62,1233.4183333333333,62,0.2580645161290322,0.8493150684931506,0.0808451140580401,0.0648082637611433,458,1233.4183333333333,7.387096774193548,2.0,3.903225806451613,3.467741935483871,19.893844086021502,27.471999073013333,8.626589355209248,12.9355353983727,2.4802273657549785,1.1350453822736284,0.5137293605149302,0.293,97,44.004534822600064,35.0,26.0,17.0,63.0,71.0,2.9444389791664403,22.573579739904176,0.00016938959,7.152746547944844e-05,53,20260326_030136Z_1592cad,2026-03-26T03:01:36Z,1592cad00eb936025a1a62c2074207814efb5ee8
1642885,Mohamed Diawara,2025-26,62,555.305,62,0.6290322580645161,0.8493150684931506,0.0300557756129859,0.0251013057181449,223,555.305,3.596774193548387,1.403225806451613,0.6935483870967742,1.870967741935484,8.956532258064515,28.64600000219218,12.22157040051916,5.741328685494652,2.079054972768454,1.0703776995852048,0.5687614757989149,0.405,28,40.34539577349385,45.0,61.0,34.0,37.0,20.0,3.951243718581428,20.424366872005475,0.00016327122,6.894388934597373e-05,54,20260326_030136Z_1592cad,2026-03-26T03:01:36Z,1592cad00eb936025a1a62c2074207814efb5ee8
1642396,Blake Hinson,2025-26,10,202.4833333333333,10,0.3,0.136986301369863,0.0110742374987774,0.010577346848832,96,202.4833333333333,9.6,2.4,0.8,5.2,20.248333333333328,29.804106998988324,11.399721923943163,4.548582967289799,1.5985129460023002,1.0756563700495343,0.670016745742485,0.481,2,36.36842538480534,56.0,14.0,53.0,8.0,63.0,4.127134385045092,25.765913757700204,0.00016253388,6.863252929178998e-05,55,20260326_030136Z_1592cad,2026-03-26T03:01:36Z,1592cad00eb936025a1a62c2074207814efb5ee8
1643018,LJ Cryer,2025-26,12,170.09333333333333,12,0.3333333333333333,0.1643835616438356,0.0105236662359486,0.0126452931408864,99,170.09333333333333,8.25,1.75,0.5833333333333334,4.666666666666667,14.174444444444443,32.33627442467094,11.706548213296736,4.702443056727038,1.868195209781864,0.9902276108511576,0.6848367412504376,0.464,7,46.60970447597398,31.0,21.0,58.0,6.0,56.0,4.127134385045092,23.978097193702943,0.00016253388,6.863252929178998e-05,55,20260326_030136Z_1592cad,2026-03-26T03:01:36Z,1592cad00eb936025a1a62c2074207814efb5ee8
1642364,Jamir Watkins,2025-26,39,755.7433333333333,39,0.2307692307692307,0.5342465753424658,0.0482220584497553,0.033194463109797,247,755.7433333333333,6.333333333333333,3.58974358974359,1.205128205128205,2.7948717948717947,19.37803418803419,24.91236856673653,13.666361714889073,4.935467709651969,3.673455461223583,1.932760865182248,0.5451094620738227,0.294,25,33.28643322468387,74.0,32.0,27.0,46.0,77.0,3.784189633918261,24.23819301848049,0.00014160997,5.979707566439174e-05,57,20260326_030136Z_1592cad,2026-03-26T03:01:36Z,1592cad00eb936025a1a62c2074207814efb5ee8
1642848,Tre Johnson,2025-26,56,1348.1883333333333,56,0.2142857142857142,0.7671232876712328,0.0860244659050183,0.0929982529229942,692,1348.1883333333333,12.357142857142858,2.7857142857142856,2.0,5.357142857142857,24.074791666666663,36.20706798183965,9.482029423063125,6.119195802672433,1.8524740478588448,1.1015121036999556,0.5420818445336828,0.367,86,53.72246459137138,12.0,7.0,11.0,48.0,80.0,1.9459101490553128,19.57015742642026,0.00011085488,4.68102480226662e-05,58,20260326_030136Z_1592cad,2026-03-26T03:01:36Z,1592cad00eb936025a1a62c2074207814efb5ee8
1630621,Hunter Dickinson,2025-26,1,4.715,1,0.0,0.0136986301369863,0.0002815193166633,0.000246730816679,2,4.715,2.0,0.0,0.0,0.0,4.715,26.01141076702815,12.891292753609244,5.531684135493832,2.3898597492204927,1.7737866476665856,0.4999998750000312,0.0,2,84.83563096500531,1.0,77.0,96.0,68.0,89.0,4.127134385045092,24.84873374401095,0.00010815728,4.567114228848368e-05,59,20260326_030136Z_1592cad,2026-03-26T03:01:36Z,1592cad00eb936025a1a62c2074207814efb5ee8
1642362,Payton Sandfort,2025-26,1,4.733333333333333,1,1.0,0.0136986301369863,0.0002656087954669,0.0003433279926756,3,4.733333333333333,3.0,1.0,0.0,2.0,4.733333333333333,26.255962694842424,13.136634012522556,5.531351338920376,2.389715970740721,1.527563109856892,0.4999999166666805,0.5,1,84.50704225352112,2.0,65.0,94.0,67.0,1.0,4.127134385045092,23.22245037645448,0.000101142185,4.270890713087283e-05,60,20260326_030136Z_1592cad,2026-03-26T03:01:36Z,1592cad00eb936025a1a62c2074207814efb5ee8
1642880,Kam Jones,2025-26,30,463.18,30,0.1333333333333333,0.410958904109589,0.0269488688297933,0.0154038822792736,123,463.18,4.1,1.4333333333333331,2.6666666666666665,1.8333333333333333,15.439333333333334,22.27661499498805,9.372848176597971,10.070477647929716,2.3300218997926074,0.6099470614320652,0.4860891539436882,0.309,27,33.14478172632669,76.0,53.0,37.0,74.0,85.0,3.6635616461296463,23.59753593429158,9.006302e-05,3.803055005846545e-05,61,20260326_030136Z_1592cad,2026-03-26T03:01:36Z,1592cad00eb936025a1a62c2074207814efb5ee8
1642873,Amari Williams,2025-26,19,120.37666666666668,19,0.6842105263157895,0.2602739726027397,0.0070742134215339,0.0029520295202952,24,120.37666666666668,1.263157894736842,1.631578947368421,0.4210526315789473,0.0,6.33561403508772,22.77973015916277,14.875160224757256,5.436998084290285,2.089140961242035,2.7130416333218386,0.5385996288465075,0.0,8,25.15437654030404,91.0,86.0,63.0,50.0,12.0,3.8501476017100575,23.67419575633128,8.2879036e-05,3.4996999602299184e-05,62,20260326_030136Z_1592cad,2026-03-26T03:01:36Z,1592cad00eb936025a1a62c2074207814efb5ee8
1642964,Brooks Barnhizer,2025-26,36,277.8016666666667,36,0.75,0.4931506849315068,0.0155887111398666,0.0053788052185854,47,277.8016666666667,1.3055555555555556,1.75,0.5,0.4722222222222222,7.716712962962963,19.558730415352983,14.976021653478623,5.253683584644677,2.03915319296481,1.3248480274553094,0.4464285671881785,0.294,8,21.828522747043756,94.0,85.0,49.0,83.0,11.0,3.80666248977032,23.58384668035592,8.2879036e-05,3.4996999602299184e-05,62,20260326_030136Z_1592cad,2026-03-26T03:01:36Z,1592cad00eb936025a1a62c2074207814efb5ee8
1643047,CJ Huntley,2025-26,1,4.733333333333333,1,1.0,0.0136986301369863,0.0002688396483198,0.0002442897276169,2,4.733333333333333,2.0,0.0,0.0,0.0,4.733333333333333,26.009845871390223,12.890517189070358,5.531351338920376,2.389715970740721,1.527563109856892,0.4999998750000312,0.0,0,42.25352112676056,41.0,77.0,94.0,68.0,1.0,4.127134385045092,23.734428473648187,8.2879036e-05,3.4996999602299184e-05,62,20260326_030136Z_1592cad,2026-03-26T03:01:36Z,1592cad00eb936025a1a62c2074207814efb5ee8
1642404,Chaz Lanier,2025-26,26,205.125,26,0.8461538461538461,0.3561643835616438,0.0114728950698292,0.0074971164936562,65,205.125,2.5,0.7307692307692307,0.5384615384615384,2.0,7.889423076923077,25.045418523880198,10.597713974592509,5.4156637096698885,2.481021753989057,0.9215528796708212,0.462962959665506,0.308,2,35.19804996953077,64.0,70.0,51.0,82.0,8.0,3.6375861597263857,23.78370978781657,8.2879036e-05,3.4996999602299184e-05,62,20260326_030136Z_1592cad,2026-03-26T03:01:36Z,1592cad00eb936025a1a62c2074207814efb5ee8
1642938,Curtis Jones,2025-26,6,30.816666666666663,6,0.6666666666666666,0.0821917808219178,0.00163656849911,0.0009909711517286,9,30.816666666666663,1.5,0.8333333333333334,0.5,1.5,5.13611111111111,25.54607395397748,13.007719093403315,5.775365402832393,2.20129814141888,1.4071219658735157,0.32142855994898,0.111,1,48.67495943753381,24.0,81.0,78.0,91.0,14.0,4.127134385045092,23.991786447638603,8.2879036e-05,3.4996999602299184e-05,62,20260326_030136Z_1592cad,2026-03-26T03:01:36Z,1592cad00eb936025a1a62c2074207814efb5ee8
1642468,Darius Brown,2025-26,1,2.6666666666666665,1,1.0,0.0136986301369863,0.000139909744224,0.0,0,2.6666666666666665,0.0,1.0,0.0,0.0,2.6666666666666665,25.69185142689972,13.226333495867976,5.569120478018731,2.4060334145937965,1.5379936068625226,0.0,0.0,0,37.5,52.0,95.0,97.0,95.0,1.0,4.127134385045092,26.17932922655715,8.2879036e-05,3.4996999602299184e-05,62,20260326_030136Z_1592cad,2026-03-26T03:01:36Z,1592cad00eb936025a1a62c2074207814efb5ee8
1642910,John Tonje,2025-26,3,10.966666666666669,3,1.0,0.0410958904109589,0.0006444815483855,0.0002460024600246,2,10.966666666666669,0.6666666666666666,0.6666666666666666,0.3333333333333333,0.6666666666666666,3.655555555555556,25.488477967225798,13.114493315733863,5.661658692293931,2.341814064156037,1.496943075389828,0.3472221619405969,0.0,0,26.261398176291788,88.0,91.0,89.0,89.0,1.0,3.9889840465642745,24.44079397672827,8.2879036e-05,3.4996999602299184e-05,62,20260326_030136Z_1592cad,2026-03-26T03:01:36Z,1592cad00eb936025a1a62c2074207814efb5ee8
1641780,Johni Broome,2025-26,11,54.76166666666666,11,0.4545454545454545,0.1506849315068493,0.0030144697668141,0.0011600928074245,10,54.76166666666666,0.9090909090909092,1.4545454545454546,0.3636363636363636,0.4545454545454545,4.978333333333333,24.033225212818884,14.455254761880628,5.596960770884686,2.6869478950198182,1.7349659114158056,0.1876876841650209,0.0,3,54.12545271935965,10.0,89.0,71.0,93.0,46.0,4.127134385045092,22.442162902121837,8.2879036e-05,3.4996999602299184e-05,62,20260326_030136Z_1592cad,2026-03-26T03:01:36Z,1592cad00eb936025a1a62c2074207814efb5ee8
1642917,Max Shulga,2025-26,6,10.031666666666666,6,0.6666666666666666,0.0821917808219178,0.0005895341093818,0.0004920049200492,4,10.031666666666666,0.6666666666666666,0.1666666666666666,0.3333333333333333,0.1666666666666666,1.6719444444444445,26.049168198544177,12.912133507059089,5.920644013827629,2.348876556105739,1.5014575876992895,0.5154638511000192,0.0,1,48.64595447748796,25.0,91.0,90.0,61.0,14.0,4.060443010546419,23.26899383983573,8.2879036e-05,3.4996999602299184e-05,62,20260326_030136Z_1592cad,2026-03-26T03:01:36Z,1592cad00eb936025a1a62c2074207814efb5ee8
1642939,Miles Kelly,2025-26,14,133.72333333333333,14,0.5,0.1917808219178082,0.007493707999431,0.0052825552825552,43,133.72333333333333,3.071428571428572,1.7142857142857142,0.8571428571428571,2.357142857142857,9.551666666666666,25.36424994091852,13.206968201117547,5.961374297010388,2.3706958663750064,1.2461847376062856,0.4837983743947078,0.303,6,37.71966996535135,51.0,64.0,62.0,75.0,38.0,4.127134385045092,22.680355920602327,8.2879036e-05,3.4996999602299184e-05,62,20260326_030136Z_1592cad,2026-03-26T03:01:36Z,1592cad00eb936025a1a62c2074207814efb5ee8
1642400,Tristan Enaruna,2025-26,6,34.166666666666664,6,1.0,0.0821917808219178,0.00179259359787,0.0013691416535018,13,34.166666666666664,2.1666666666666665,1.5,0.5,0.8333333333333334,5.694444444444444,26.18773176620942,13.775073131419571,5.717467724729185,2.4036691675323363,1.393015655891442,0.3953771169289198,0.2,2,53.970731707317086,11.0,75.0,76.0,87.0,1.0,4.127134385045092,24.265571526351813,8.2879036e-05,3.4996999602299184e-05,62,20260326_030136Z_1592cad,2026-03-26T03:01:36Z,1592cad00eb936025a1a62c2074207814efb5ee8
1642962,Drake Powell,2025-26,54,1063.246666666667,54,0.2407407407407407,0.7397260273972602,0.0616273536467723,0.0440379403794037,325,1063.246666666667,6.018518518518518,1.6851851851851851,1.4814814814814814,2.611111111111111,19.68975308641976,23.584188993829667,7.887912389112294,5.637708361421754,1.909578198235381,0.8916210309289025,0.5350322656805079,0.284,53,33.550069911654234,72.0,34.0,22.0,51.0,75.0,3.1354942159291497,20.06297056810404,7.546544e-05,3.186648973496631e-05,73,20260326_030136Z_1592cad,2026-03-26T03:01:36Z,1592cad00eb936025a1a62c2074207814efb5ee8
1642918,Alijah Martin,2025-26,16,102.38166666666666,16,0.375,0.2191780821917808,0.0060599011696204,0.0049523337872972,40,102.38166666666666,2.5,0.875,0.5,0.875,6.398854166666666,26.78071076434475,12.371762144769784,5.680147284742933,3.1145209071413684,1.716030961509322,0.4873294287606064,0.214,4,43.992251216851976,36.0,70.0,66.0,73.0,50.0,3.688879454113936,23.76454483230664,7.3039446e-05,3.084207492065616e-05,74,20260326_030136Z_1592cad,2026-03-26T03:01:36Z,1592cad00eb936025a1a62c2074207814efb5ee8
1643016,Bez Mbeng,2025-26,6,197.7333333333333,6,0.1666666666666666,0.0821917808219178,0.0108144500523084,0.002974878801234,27,197.7333333333333,4.5,3.8333333333333335,3.6666666666666665,2.1666666666666665,32.95555555555555,19.691401751690965,11.35782936930627,6.701554643745653,2.8192327487618325,1.3872878348722013,0.4713687068545966,0.154,10,19.541469993256914,96.0,46.0,54.0,78.0,83.0,4.127134385045092,22.417522245037645,7.3039446e-05,3.084207492065616e-05,74,20260326_030136Z_1592cad,2026-03-26T03:01:36Z,1592cad00eb936025a1a62c2074207814efb5ee8
1643024,Chris Mañon,2025-26,6,25.085,6,0.3333333333333333,0.0821917808219178,0.0013995700397349,0.0002288067726804,2,25.085,0.3333333333333333,1.0,0.1666666666666666,0.3333333333333333,4.180833333333333,24.38152185389969,13.46777080276248,5.41577473998186,2.9322365334719303,1.8933491189803395,0.3472221619405969,0.0,1,15.467410803268884,97.0,93.0,82.0,89.0,56.0,4.127134385045092,23.811088295687885,7.3039446e-05,3.084207492065616e-05,74,20260326_030136Z_1592cad,2026-03-26T03:01:36Z,1592cad00eb936025a1a62c2074207814efb5ee8
1642935,Chucky Hepburn,2025-26,2,13.233333333333333,2,0.0,0.0273972602739726,0.0007832719934686,0.0,0,13.233333333333333,0.0,0.5,1.0,2.5,6.616666666666666,24.825158130919384,12.780154106893818,5.860127055486866,2.5643059917539293,1.486110668331564,0.0,0.0,1,52.89672544080605,14.0,95.0,87.0,95.0,89.0,4.127134385045092,22.64202600958248,7.3039446e-05,3.084207492065616e-05,74,20260326_030136Z_1592cad,2026-03-26T03:01:36Z,1592cad00eb936025a1a62c2074207814efb5ee8
1642942,Jahmai Mashack,2025-26,24,448.9683333333333,24,0.375,0.3287671232876712,0.0294278876321617,0.0168388283571529,119,448.9683333333333,4.958333333333333,2.1666666666666665,1.3333333333333333,2.083333333333333,18.707013888888888,22.298762562558256,10.451937582696251,5.45495309950399,3.876300217610965,1.8231737412267857,0.4457596626994319,0.28,23,34.85323760770061,65.0,43.0,38.0,84.0,50.0,4.0943445622221,22.8911704312115,7.3039446e-05,3.084207492065616e-05,74,20260326_030136Z_1592cad,2026-03-26T03:01:36Z,1592cad00eb936025a1a62c2074207814efb5ee8
1643141,Jahmyl Telfort,2025-26,8,32.03333333333333,8,0.25,0.1095890410958904,0.0019422202609143,0.0001325556733828,1,32.03333333333333,0.125,0.375,0.125,0.5,4.004166666666666,23.64541822670911,12.508293157562616,5.302440913604064,2.419112880685842,1.4019658618925517,0.0868055480203517,0.0,1,21.10301768990635,95.0,94.0,77.0,94.0,72.0,4.127134385045092,24.421629021218344,7.3039446e-05,3.084207492065616e-05,74,20260326_030136Z_1592cad,2026-03-26T03:01:36Z,1592cad00eb936025a1a62c2074207814efb5ee8
1631451,Javonte Cooke,2025-26,19,93.665,19,0.3157894736842105,0.2602739726027397,0.0051478894972117,0.0026249714677014,23,93.665,1.2105263157894737,1.0,0.3684210526315789,1.2105263157894737,4.929736842105264,24.1349041237473,13.598288573828103,5.615401753640792,2.992966388893405,1.1824759588577178,0.2745940750406629,0.13,9,54.32125126781615,9.0,87.0,67.0,92.0,61.0,4.127134385045092,26.2258726899384,7.3039446e-05,3.084207492065616e-05,74,20260326_030136Z_1592cad,2026-03-26T03:01:36Z,1592cad00eb936025a1a62c2074207814efb5ee8
1642933,Keshon Gilbert,2025-26,3,48.25,3,0.0,0.0410958904109589,0.0024534698801613,0.0006278777731268,6,48.25,2.0,1.6666666666666667,1.0,0.6666666666666666,16.083333333333332,23.621154434673315,12.356554978940531,5.486251633444373,2.521826600096834,2.198131797110477,0.5208332881221105,0.0,6,24.37305699481865,92.0,77.0,74.0,55.0,89.0,4.127134385045092,22.25598904859685,7.3039446e-05,3.084207492065616e-05,74,20260326_030136Z_1592cad,2026-03-26T03:01:36Z,1592cad00eb936025a1a62c2074207814efb5ee8
1642950,Lachlan Olbrich,2025-26,27,169.89166666666668,27,0.2592592592592592,0.3698630136986301,0.0109065798234639,0.0048270313757039,36,169.89166666666668,1.3333333333333333,1.851851851851852,0.6296296296296297,0.3333333333333333,6.292283950617285,22.294643159327467,16.340298873320535,6.300573815979575,2.5074420277377176,1.3098751095331695,0.470219429594835,0.222,8,27.240888801687348,87.0,84.0,59.0,80.0,70.0,4.02535169073515,21.75496235455168,7.3039446e-05,3.084207492065616e-05,74,20260326_030136Z_1592cad,2026-03-26T03:01:36Z,1592cad00eb936025a1a62c2074207814efb5ee8
1642877,Micah Peavy,2025-26,52,705.8583333333333,52,0.3076923076923077,0.7123287671232876,0.0421448050182684,0.0251665433012583,204,705.8583333333333,3.923076923076923,1.8269230769230769,0.9230769230769232,1.7307692307692308,13.574198717948718,22.94166709878792,10.988794251757826,5.254802745264329,3.0354434737997127,0.9101673347078932,0.4352278536541477,0.233,15,35.32720210618278,62.0,58.0,31.0,85.0,62.0,3.713572066704308,24.21081451060917,7.3039446e-05,3.084207492065616e-05,74,20260326_030136Z_1592cad,2026-03-26T03:01:36Z,1592cad00eb936025a1a62c2074207814efb5ee8
1642260,Nikola Topić,2025-26,5,52.58166666666666,5,0.6,0.0684931506849315,0.0029505957352766,0.0018310826276035,16,52.58166666666666,3.2,1.6,2.0,1.0,10.516333333333332,25.45812184942963,12.842897687295256,6.907866635191854,2.0654111723063378,1.3202597932688604,0.4999999843750005,0.4,11,51.34869567973629,16.0,62.0,72.0,66.0,21.0,2.5649493574615367,20.142368240930868,7.05706e-05,2.9799562980770133e-05,84,20260326_030136Z_1592cad,2026-03-26T03:01:36Z,1592cad00eb936025a1a62c2074207814efb5ee8
1642878,Tyrese Proctor,2025-26,43,442.13666666666666,43,0.6511627906976745,0.589041095890411,0.0231972104795196,0.0211690363349131,201,442.13666666666666,4.674418604651163,1.0232558139534884,1.2790697674418603,2.488372093023256,10.282248062015505,30.790915013687933,9.739675448029844,7.829537863215224,2.901387588292888,0.6272421499324791,0.5268400070066052,0.336,27,49.25173965817508,23.0,44.0,40.0,53.0,18.0,3.912023005428146,21.50034223134839,6.984699e-05,2.94940091407625e-05,85,20260326_030136Z_1592cad,2026-03-26T03:01:36Z,1592cad00eb936025a1a62c2074207814efb5ee8
1642876,Adou Thiero,2025-26,20,106.53666666666666,20,0.55,0.273972602739726,0.005944011433123,0.0033176982038668,29,106.53666666666666,1.45,1.0,0.3,0.05,5.326833333333333,24.477661789936903,13.352228018996335,5.253123042645608,2.7137185989383226,1.5140070965564163,0.5315249169441915,0.0,5,30.299427427176877,81.0,83.0,65.0,52.0,27.0,3.610917912644224,21.399041752224505,6.8733636e-05,2.9023876777500845e-05,86,20260326_030136Z_1592cad,2026-03-26T03:01:36Z,1592cad00eb936025a1a62c2074207814efb5ee8
1642905,Yang Hansen,2025-26,40,285.62666666666667,40,0.525,0.547945205479452,0.0156982279128481,0.010157498288062,89,285.62666666666667,2.225,1.525,0.55,1.0,7.140666666666666,24.67624487479221,14.519779845093645,5.695756906584973,1.627702711881954,1.947485425886327,0.4112754139959546,0.125,30,48.38483801699187,26.0,74.0,48.0,86.0,36.0,2.833213344056216,20.265571526351813,6.8733636e-05,2.9023876777500845e-05,86,20260326_030136Z_1592cad,2026-03-26T03:01:36Z,1592cad00eb936025a1a62c2074207814efb5ee8
1631126,Caleb Love,2025-26,45,999.2583333333332,45,0.4666666666666667,0.6164383561643836,0.0549198898112202,0.0578635014836795,507,999.2583333333332,11.266666666666667,2.533333333333333,2.7111111111111112,6.444444444444445,22.205740740740737,35.25170157221107,9.604071762543532,8.339825001197097,2.119075200710961,0.5891818268194472,0.5004343014643534,0.321,61,56.79812527624655,7.0,11.0,24.0,65.0,45.0,4.127134385045092,24.01095140314853,6.841595e-05,2.888973176595755e-05,88,20260326_030136Z_1592cad,2026-03-26T03:01:36Z,1592cad00eb936025a1a62c2074207814efb5ee8
1642959,Chris Youngblood,2025-26,33,183.225,33,0.8484848484848485,0.4520547945205479,0.0100701655167524,0.0081031727916,71,183.225,2.1515151515151514,0.8484848484848485,0.3636363636363636,1.6363636363636365,5.552272727272727,27.11173269569037,12.474872515734988,5.350689909145848,2.1278413026720937,1.4289397244424926,0.5267062275466897,0.333,2,37.87692727520808,50.0,76.0,57.0,54.0,7.0,4.127134385045092,23.64134154688569,6.830194e-05,2.8841586754424497e-05,89,20260326_030136Z_1592cad,2026-03-26T03:01:36Z,1592cad00eb936025a1a62c2074207814efb5ee8
1642363,Nique Clifford,2025-26,67,1600.3016666666667,67,0.2686567164179104,0.9178082191780822,0.0946737516611618,0.0653405514289311,519,1600.3016666666667,7.746268656716418,3.582089552238806,2.164179104477612,2.8955223880597014,23.885099502487563,24.575607047587173,11.53931012957559,6.609785883827394,2.869663385103096,1.0737765661822412,0.4958725058321174,0.335,90,38.325274088947815,49.0,25.0,9.0,72.0,69.0,3.218875824868201,23.64134154688569,6.019281e-05,2.5417377401026897e-05,90,20260326_030136Z_1592cad,2026-03-26T03:01:36Z,1592cad00eb936025a1a62c2074207814efb5ee8
1642504,Cormac Ryan,2025-26,1,7.716666666666667,1,0.0,0.0136986301369863,0.0004353057195316,0.0006047411707789,5,7.716666666666667,5.0,0.0,1.0,3.0,7.716666666666667,26.48887081798727,12.765542776632316,5.721455228338849,2.610278221796206,1.5127532849820406,0.4699247678642135,0.333,0,68.94168466522679,4.0,42.0,91.0,81.0,89.0,4.127134385045092,26.93223819301848,6.0040664e-05,2.5353130695293657e-05,91,20260326_030136Z_1592cad,2026-03-26T03:01:36Z,1592cad00eb936025a1a62c2074207814efb5ee8
1642869,Noah Penda,2025-26,53,719.1083333333333,53,0.490566037735849,0.726027397260274,0.0424749038109035,0.0269652100638016,224,719.1083333333333,4.226415094339623,3.4150943396226414,1.1886792452830188,1.6226415094339623,13.56808176100629,24.115264519023967,17.17498493429652,6.290388295009856,2.848790475481399,1.7814586918404718,0.5182306114236752,0.337,40,35.616330409187306,59.0,50.0,29.0,57.0,43.0,3.49650756146648,20.73100616016427,5.6644294e-05,2.3918959414004348e-05,92,20260326_030136Z_1592cad,2026-03-26T03:01:36Z,1592cad00eb936025a1a62c2074207814efb5ee8
1642853,Rasheer Fleming,2025-26,47,531.0333333333333,47,0.5319148936170213,0.6438356164383562,0.030161158009746,0.0224746549407597,184,531.0333333333333,3.914893617021277,2.2127659574468086,0.2340425531914893,2.1702127659574466,11.298581560283688,25.962938147537184,14.112755530964712,3.021042635289803,2.32027529599742,2.184628853648538,0.5159264229589322,0.353,17,36.78111857384973,53.0,59.0,36.0,60.0,33.0,3.4657359027997265,21.22655715263518,5.6644294e-05,2.3918959414004348e-05,92,20260326_030136Z_1592cad,2026-03-26T03:01:36Z,1592cad00eb936025a1a62c2074207814efb5ee8
1630679,Ethan Thompson,2025-26,24,416.93666666666667,24,0.2083333333333333,0.3287671232876712,0.0242583262237818,0.0154038822792736,123,416.93666666666667,5.125,1.8333333333333333,1.4583333333333333,3.125,17.37236111111111,23.71348519656545,10.08202064071123,6.012507564146069,2.584923047805788,1.2769599337138895,0.4824286143613562,0.307,16,34.41290044051455,66.0,40.0,43.0,76.0,81.0,4.127134385045092,26.412046543463383,4.9198858e-05,2.0775005395989865e-05,94,20260326_030136Z_1592cad,2026-03-26T03:01:36Z,1592cad00eb936025a1a62c2074207814efb5ee8
1643007,Taelon Peter,2025-26,31,348.38,31,0.1290322580645161,0.4246575342465753,0.02026954299176,0.0152786474639949,122,348.38,3.935483870967742,1.3548387096774193,1.032258064516129,3.129032258064516,11.238064516129032,26.10516523007339,10.916700501890928,6.301223250789664,3.089586528708045,1.1806338849806033,0.5181787269870085,0.32,20,39.53154601297434,48.0,57.0,46.0,58.0,86.0,4.007333185232471,23.59206023271732,4.054529e-05,1.712089760985691e-05,95,20260326_030136Z_1592cad,2026-03-26T03:01:36Z,1592cad00eb936025a1a62c2074207814efb5ee8
1642874,Danny Wolf,2025-26,57,1187.1616666666666,57,0.2456140350877192,0.7808219178082192,0.0688096508187735,0.0688346883468834,508,1187.1616666666666,8.912280701754385,4.9298245614035086,2.2280701754385963,3.701754385964912,20.82739766081871,30.84806989054652,16.812678024076764,7.538243744860963,2.002624314651101,1.9268244082477408,0.5205344695051496,0.322,73,47.25219957405408,29.0,18.0,19.0,56.0,74.0,3.332204510175204,21.4072553045859,3.8831073e-05,1.639704169065226e-05,96,20260326_030136Z_1592cad,2026-03-26T03:01:36Z,1592cad00eb936025a1a62c2074207814efb5ee8
1631174,Tyler Burton,2025-26,8,204.63333333333333,8,0.125,0.1095890410958904,0.0134128095280543,0.0111787179850007,79,204.63333333333333,9.875,4.5,0.875,5.125,25.579166666666666,27.150539068382948,13.134626338759578,4.380580879873841,2.632061787734439,1.3683190402478174,0.5151278005012532,0.317,9,41.87001140250855,42.0,13.0,52.0,62.0,87.0,4.127134385045092,25.637234770705,3.390992e-05,1.431900636816863e-05,97,20260326_030136Z_1592cad,2026-03-26T03:01:36Z,1592cad00eb936025a1a62c2074207814efb5ee8
